franchiseID,franchiseName,franchiseEntryIDs,franchiseGenreIDs,avgFranchiseRating
0,Doom,0;1,0;1;2;3,0
1,Assassin's Creed,2;3,4;5;6;7;42,0
2,Resident Evil,4;5,2;8;9,0
3,Forza,8;9;10;11;12,4;13;14,0
4,Planet Zoo,13;14,16;17;18;19;20;38,0
5,Halo,15;16;17;18;21;22,0;21;22;23;42,0
6,Elden Ring,19;20,3;4;10;12;24;25;26;27,0
7,Borderlands,23;24;25;26;27,0;3;21;22;26;27;29;30,0
8,Star Wars Jedi,28;29,3;21;23;24;25;42,0
9,Kena,30;31,3;12;15;23;24;25,0
10,Hollow Knight,32;33,3;25;32;33,0
11,Monster Hunter,34;35,3;11;12;24;25;26;27,0
12,Dark Souls,36;38;37,3;10;12;24;25;27;26,0
13,Batman: Arkham,40;41;42;43,39;35;6;3;23;40;42,0
14,Final Fantasy,44;45,12;23;27;41;42,0
15,Metro,46;47;48,0;2;3;8;23;43,0
