genreID,genreName,attachedFranchiseIDs,attachedGameIDs,avgGenreRating,avgGenreLength,avgGenrePlaytime,avgGenreExcitement,numGamesPlayed,numGamesUnplayed,totalHoursPlayed
0,FPS,0;5;7;15,0;1;15;16;17;18;21;22;23;24;25;26;27;46;47;48,7.4,13.625,20.9,8.125001,5,11,104.5
1,Fast Paced,0,0;1;20;51,9,18.375,13.35,7.25,2,2,26.7
2,Gore,0;2;15,0;1;4;5;46;47;48,8,11.928572,8.9,7.571429,2,5,17.8
3,Action,0;6;7;8;9;10;11;12;13;15,0;1;15;16;17;18;19;20;21;22;23;24;25;26;27;28;29;30;31;32;33;34;35;36;37;38;40;41;42;43;46;47;48;52,8.277778,19.911764,38.072224,8.1470585,18,16,685.30005
4,Open World,1;3;6,2;3;7;8;9;10;11;12;19;20;39;41;43;45;49;50,8.769231,26.90625,127.723076,8.75,13,3,1660.4
5,Parkour,1,2;3;42,8,15.833333,24.7,8,2,1,49.4
6,Stealth,1;13,2;3;40;41;42;43,9.2,14.833333,24.76,8.5,5,1,123.8
7,Historical,1,2;3,7,17.5,29.4,7.5,1,1,29.4
8,Horror,2;15,4;5;46;47;48,7,11.4,5.5,7.4,1,4,5.5
9,3rd person shooter,2,4;5;52,7.5,10.666667,4.95,7.3333335,2,1,9.9
10,Magic,6;12,7;19;20;25;36;37;38,7.8,34.857143,88.8,7.857143,5,2,444
11,Mythical,11,7;25;31;34;35,9,26.5,42.6,9.2,2,3,85.2
12,Fantasy,6;9;11;12;14,7;19;20;25;30;33;34;35;36;37;38;44;45,8.285714,33.307693,70.4,8.153846,7,6,492.80002
13,Driving,3,8;9;10;11;12;51,8.833333,21.166666,198,9.666667,6,0,1188
14,Racing,3,8;9;10;11;12;50;51,8.714286,20.357143,172.85715,9.285714,7,0,1210
15,Collectathon,9,10;11;12;30,9,22.625,182.65,9.75,4,0,730.6
16,Creative,4,13;14;39,9,32.666668,63.3,9,2,1,126.6
17,Cozy,4,13;14,10,32.75,100,10,1,1,100
18,Management,4,13;14,10,32.75,100,10,1,1,100
19,Relaxing,4,13;14;49;50,8.666667,23.25,63.333332,9.25,3,1,190
20,Builder,4,13;14;39,9,32.666668,63.3,9,2,1,126.6
21,Sci-fi,5;7;8,15;16;17;18;21;22;23;24;25;26;27;28;29;39,7.5,16.214285,23.6,8.214286,6,8,141.6
22,Online Coop,5;7,15;16;17;18;20;21;22;23;24;25;26;27;31;39;49;50;51,7.625,16.67647,27.899998,8.117647,8,9,223.19998
23,Story Rich,5;8;9;13;14;15,15;16;17;18;21;22;28;29;30;31;7;40;41;42;43;44;45;46;47;48;52,9.1,15.309524,22.819998,8.666667,10,11,228.19998
24,Souls-Like,6;8;9;11;12,19;20;28;29;30;31;34;35;36;37;38,8.285714,30.90909,65.08572,8.181818,7,4,455.60004
25,Punishing,6;8;9;10;11;12,19;20;28;29;30;31;32;33;34;35;36;37;38,8.125,30.384615,60.250004,7.923077,8,5,482.00003
26,Build-crafting,6;7;11;12,19;20;23;24;25;26;27;34;35;36;37;38;51,7.5,29.461538,61.600002,7.923077,8,5,492.80002
27,RPG,6;7;11;12;14,19;25;34;7;36;37;38;44;45,7.8,33.666668,88.8,8.555555,5,4,444
28,Rogue-like,,20;51,9,23.5,14.4,6.5,1,1,14.4
29,Looter-Shooter,7,23;24;25;26;27,6,21.9,34.6,8.2,2,3,69.2
30,Comedy,7,23;24;25;26;27,6,21.9,34.6,8.2,2,3,69.2
31,Local Coop,,24;25;26;27,6,21.5,34.6,8.5,2,2,69.2
32,2D,10,32;33,7,27.5,26.4,6.5,1,1,26.4
33,Metroid-vania,10,32;33,7,27.5,26.4,6.5,1,1,26.4
35,Action/Adventure,13,7;40;41;42;43;52,9.333333,15.083333,26.466665,9,6,0,158.79999
36,Space,,39,8,32.5,26.6,7,1,0,26.6
37,Exploration,,39;49;50,8,20,38.866665,8,3,0,116.6
38,Sandbox,4;3,39;13;14;49;50,8.5,25.1,54.15,8.8,4,1,216.6
39,Power Fantasy,13,40;41;42;43,9.75,13.5,23.6,9,4,0,94.4
40,Superhero,13,40;41;42;43,9.75,13.5,23.6,9,4,0,94.4
41,JRPG,14,44;45,0,40.25,0,9,0,2,0
42,Adventure,14;13;8;1;5,44;45;40;41;42;43;52,9.4,20.642857,19.76,8.857142,5,2,98.8
43,Dystopian,15,46;47;48,0,11.666667,0,7.6666665,0,3,0
44,Sports,,49;50,8,13.75,45,8.5,2,0,90
45,ARPG,,50,8,15.5,22,7,1,0,22
