gameID,gameName,avgGameLength,gameGenreIDs,deckPlayable,sessionGame,worthCompletionist,franchiseID,played,purchased,completed,playing,DLCIDs,hoursPlayed,rating,initialExcitementLevel,initialImpressions,nextEntryID,logMessages,mainPlayDevice,modded,firstPlayedDate,completionDate,review,wantToPlayAgain,replaying,replayID
1,Doom (2016),11.5,0;1;2;3,True,False,True,0,True,False,True,False,,12.3,9,8,Test impressions<^&^> of Doom reboot,0,,,False,01/01/0001,01/01/2020,Test review<^&^> of Doom reboot,True,False,
2,Assassin's Creed 2,20,4;5;6;7,True,False,False,1,True,False,True,False,,29.4,7,8,Test impressions for AC2,3,,,False,01/01/0001,01/01/2024,Test review<^&^> for AC2,False,False,
5,Resident Evil 3,6,2;8;9,True,False,False,2,True,False,True,False,,5.5,7,6,Test impressions<^&^> for RE3,4,,,False,01/01/0001,07/23/2025,Test review for RE3,False,False,
7,Hogwarts Legacy,26.5,4;10;11;12,True,True,True,-1,True,False,True,False,,60,9,10,Amazing<^&^> awesome<^&^> fantastic and fantasy fullfilling!,-1,,,False,01/01/0001,01/01/2024,Test review of awesome Hogwarts Experience,True,False,
8,Forza Horizon 2,20,4;13;14,False,True,True,3,True,False,True,False,,200,8,10,Awesome experience for the time. Revolutionary and breathetaking,9,,,False,01/01/0001,01/01/2014,Greatest driving game of the time! Only surpassed by it's sequel,True,False,
9,Forza Horizon 3,25,4;13;14,False,True,True,3,True,False,True,False,,266.6,10,10,Such an amazing sequel<^&^> and of course being set in Australia is a massive bonus!,10,,,False,01/01/0001,01/01/2016,The last entry of the franchise to have a lasting and consistent amazing impression,True,False,
10,Forza Horizon 4,25,4;13;14;15,True,True,True,3,True,False,True,False,,313,9,10,Amazing quality of life improvements<^&^> and seasons are awesome!,11,,,False,01/01/0001,01/01/2018,Despite the initial excitement<^&^> the severity of the winter season<^&^> along with the lack of diversity in the map left the game feeling a bit lacking. Coming back after years<^&^> it's experience could be enjoyed again<^&^> however were FH3 released with the current QOL improvements<^&^> it would still probably be received as the better entry,True,False,
11,Forza Horizon 5,30,4;13;14;15,True,True,True,3,True,False,True,False,,330,8,9,Insane graphics and awesome world!,12,,,False,01/01/0001,01/01/2021,Game falls slightly flat after so much time in the festival playlist. The map still has some improvements of FH4 with the diversity of locations<^&^> however it is extremely flat (minus the volcano and canyons)<^&^> making it feel a bit underwhelming. Collecting cars also becomes almost more of the experience than driving them,True,False,
12,Forza Horizon 6,25,4;13;14;15,True,True,True,3,True,False,True,False,,64,9,10,Graphics are insane<^&^> the map is awesome<^&^> and the elevation and tight turns create an impressive and enjoyable driving experience,-1,,,False,01/01/0001,01/01/2026,The lack of content development and evolution draws the game down significantly. It feels like a shell of what it could have been considering its core elements and methods of enjoying the content go unchanged from those used in the entries of the past decade. This is significantly unfortunate as the driving<^&^> graphics<^&^> world<^&^> and experience are amazing<^&^> you just get easily bored of it all<^&^> since it is the same thing you have done the previous 2-3 entries for who knows how many hundreds of hours.,True,False,
