genreID,genreName,attachedFranchiseIDs,attachedGameIDs,avgGenreRating,avgGenreLength,avgGenrePlaytime,avgGenreExcitement
0,FPS,0;5;7,0;1;15;16;17;18;21;22;23;24;25;26;27,0,0,0,0
1,Fast Paced,0,0;1;20,0,0,0,0
2,Gore,0;2,0;1;4;5,0,0,0,0
3,Action,0;6;7;8;9;10;11,0;1;15;16;17;18;19;20;21;22;23;24;25;26;27;28;29;30;31;32;33;34;35,0,0,0,0
4,Open World,1;3;6,2;3;6;7;8;9;10;11;12;19;20,0,0,0,0
5,Parkour,1,2;3,0,0,0,0
6,Stealth,1,2;3,0,0,0,0
7,Historical,1,2;3,0,0,0,0
8,Horror,2,4;5,0,0,0,0
9,3rd person shooter,2,4;5,0,0,0,0
10,Magic,6,7;19;20;25,0,0,0,0
11,Mythical,11,7;25;31;34;35,0,0,0,0
12,Fantasy,6;9;11,7;19;20;25;30;33;34;35,0,0,0,0
13,Driving,3,8;9;10;11;12,0,0,0,0
14,Racing,3,8;9;10;11;12,0,0,0,0
15,Collectathon,9,10;11;12;30,0,0,0,0
16,Creative,4,13;14,0,0,0,0
17,Cozy,4,13;14,0,0,0,0
18,Management,4,13;14,0,0,0,0
19,Relaxing,4,13;14,0,0,0,0
20,Builder,4,13;14,0,0,0,0
21,Sci-fi,5;7;8,15;16;17;18;21;22;23;24;25;26;27;28;29,0,0,0,0
22,Online Coop,5;7,15;16;17;18;20;21;22;23;24;25;26;27;31,0,0,0,0
23,Story Rich,5;8;9,15;16;17;18;21;22;28;29;30;31;33,0,0,0,0
24,Souls-Like,6;8;9;11,19;20;28;29;30;31;34;35,0,0,0,0
25,Punishing,6;8;9;10;11,19;20;28;29;30;31;32;33;34;35,0,0,0,0
26,Build-crafting,6;7;11,19;20;23;24;25;26;27;34;35,0,0,0,0
27,RPG,6;7;11,19;25;34,0,0,0,0
28,Rogue-like,,20,0,0,0,0
29,Looter-Shooter,7,23;24;25;26;27,0,0,0,0
30,Comedy,7,23;24;25;26;27,0,0,0,0
31,Local Coop,,24;25;26;27,0,0,0,0
32,2D,10,32;33,0,0,0,0
33,Metroid-vania,10,32;33,0,0,0,0
